,allele,mhc_chain,gene,full_sequence,pocket_sequence,native
0,DPA1*01:03,alpha,DPA1,IKADHVSTYAAFVQTHRPTGEFMFEFDEDEMFYVDLDKKETVWHLEEFGQAFSFEAQGGLANIAILNNNLNTLIQRSNHTQATNDPPEVTVFPKEPVELGQPNTLICHIDKFFPPVLNVTWLCNGELVTEGVAESLFLPRTDYSFHKFHYLTFVPSAEDFYDCRVEHWGLDQPLLKHWEAQEPIQMPETTETVLCALGLVLGLVGIIVGTVLIIKSLRSGHDPRAQGTL,HVSTYAAFVQTHRPTGEFMFEFDEDEMFYVDLDKKETVWHLEEFGQAFSFEAQGGLANIAILNNNLNTLIQRSN,0.0
1,DPA1*02:01,alpha,DPA1,IKADHVSTYAAFVQTHRPTGEFMFEFDEDEQFYVDLDKKETVWHLEEFGRAFSFEAQGGLANIAILNNNLNTLIQRSNHTQAANDPPEVTVFPKEPVELGQPNTLICHIDRFFPPVLNVTWLCNGEPVTEGVAESLFLPRTDYSFHKFHYLTFVPSAEDVYDCRVEHWGLDQPLLKHWEAQEPIQMPETTETVLCALGLVLGLVGIIVGTVLIIKSLRSGHDPRAQGPL,HVSTYAAFVQTHRPTGEFMFEFDEDEQFYVDLDKKETVWHLEEFGRAFSFEAQGGLANIAILNNNLNTLIQRSN,0.0
2,DPA1*02:02,alpha,DPA1,IKADHVSTYAMFVQTHRPTGEFMFEFDEDEQFYVDLDKKETVWHLEEFGRAFSFEAQGGLANIAILNNNLNTLIQRSNHTQAANDPPEVTVFPKEPVELGQPNTLICHIDRFFPPVLNVTWLCNGEPVTEGVAESLFLPRTDYSFHKFHYLTFVPSAEDVYDCRVEHWGLDQPLLKHWEAQEPIQMPETTETVLCALGLVLGLVGIIVGTVLIIKSLRSGHDPRAQGPL,HVSTYAMFVQTHRPTGEFMFEFDEDEQFYVDLDKKETVWHLEEFGRAFSFEAQGGLANIAILNNNLNTLIQRSN,1.0
3,DPB1*01:01,beta,DPB1,RATPENYVYQGRQECYAFNGTQRFLERYIYNREEYARFDSDVGEFRAVTELGRPAAEYWNSQKDILEEKRAVPDRVCRHNYELDEAVTLQRRVQPKVNVSPSKKGPLQHHNLLVCHVTDFYPGSIQVRWFLNGQEETAGVVSTNLIRNGDWTFQILVMLEMTPQQGDVYICQVEHTSLDSPVTVEWKAQSDSAQSKTLTGAGGFVLGLIICGVGIFMHRRSKKVQRGSA,YVYQGRQECYAFNGTQRFLERYIYNREEYARFDSDVGEFRAVTELGRPAAEYWNSQKDILEEKRAVPDRVCRHNYELDEAVTL,0.0
4,DPB1*02:01,beta,DPB1,RATPENYLFQGRQECYAFNGTQRFLERYIYNREEFVRFDSDVGEFRAVTELGRPDEEYWNSQKDILEEERAVPDRMCRHNYELGGPMTLQRRVQPRVNVSPSKKGPLQHHNLLVCHVTDFYPGSIQVRWFLNGQEETAGVVSTNLIRNGDWTFQILVMLEMTPQQGDVYTCQVEHTSLDSPVTVEWKAQSDSARSKTLTGAGGFVLGLIICGVGIFMHRRSKKVQRGSA,YLFQGRQECYAFNGTQRFLERYIYNREEFVRFDSDVGEFRAVTELGRPDEEYWNSQKDILEEERAVPDRMCRHNYELGGPMTL,0.0
5,DPB1*03:01,beta,DPB1,RATPENYVYQLRQECYAFNGTQRFLERYIYNREEFVRFDSDVGEFRAVTELGRPDEDYWNSQKDLLEEKRAVPDRVCRHNYELDEAVTLQRRVQPKVNVSPSKKGPLQHHNLLVCHVTDFYPGSIQVRWFLNGQEETAGVVSTNLIRNGDWTFQILVMLEMTPQQGDVYICQVEHTSLDSPVTVEWKAQSDSARSKTLTGAGGFVLGLIICGVGIFMHRRSKKVQRGSA,YVYQLRQECYAFNGTQRFLERYIYNREEFVRFDSDVGEFRAVTELGRPDEDYWNSQKDLLEEKRAVPDRVCRHNYELDEAVTL,1.0
6,DPB1*04:01,beta,DPB1,RATPENYLFQGRQECYAFNGTQRFLERYIYNREEFARFDSDVGEFRAVTELGRPAAEYWNSQKDILEEKRAVPDRMCRHNYELGGPMTLQRRVQPRVNVSPSKKGPLQHHNLLVCHVTDFYPGSIQVRWFLNGQEETAGVVSTNLIRNGDWTFQILVMLEMTPQQGDVYTCQVEHTSLDSPVTVEWKAQSDSARSKTLTGAGGFVLGLIICGVGIFMHRRSKKVQRGSA,YLFQGRQECYAFNGTQRFLERYIYNREEFARFDSDVGEFRAVTELGRPAAEYWNSQKDILEEKRAVPDRMCRHNYELGGPMTL,0.0
7,DPB1*04:02,beta,DPB1,RATPENYLFQGRQECYAFNGTQRFLERYIYNREEFVRFDSDVGEFRAVTELGRPDEEYWNSQKDILEEKRAVPDRMCRHNYELGGPMTLQRRVQPRVNVSPSKKGPLQHHNLLVCHVTDFYPGSIQVRWFLNGQEETAGVVSTNLIRNGDWTFQILVMLEMTPQQGDVYTCQVEHTSMDSPVTVEWKAQSDSARSKTLTGAGGFVLGLIICGVGIFMHRRSKKVQRGSA,YLFQGRQECYAFNGTQRFLERYIYNREEFVRFDSDVGEFRAVTELGRPDEEYWNSQKDILEEKRAVPDRMCRHNYELGGPMTL,0.0
8,DPB1*05:01,beta,DPB1,RATPENYLFQGRQECYAFNGTQRFLERYIYNREELVRFDSDVGEFRAVTELGRPEAEYWNSQKDILEEKRAVPDRMCRHNYELDEAVTLQRRVQPKVNVSPSKKGPLQHHNLLVCHVTDFYPGSIQVRWFLNGQEETAGVVSTNLIRNGDWTFQILVMLEMTPQQGDVYICQVEHTSLDSPVTVEWKAQSDSARSKTLTGAGGFMLGLIICGVGIFMHRRSKKVQRGSA,YLFQGRQECYAFNGTQRFLERYIYNREELVRFDSDVGEFRAVTELGRPEAEYWNSQKDILEEKRAVPDRMCRHNYELDEAVTL,1.0
9,DPB1*06:01,beta,DPB1,RATPENYVYQLRQECYAFNGTQRFLERYIYNREEFVRFDSDVGEFRAVTELGRPDEDYWNSQKDLLEEERAVPDRMCRHNYELDEAVTLQRRVQPKVNVSPSKKGPLQHHNLLVCHVTDFYPGSIQVRWFLNGQEETAGVVSTNLIRNGDWTFQILVMLEMTPQQGDVYICQVEHTSLDSPVTVEWKAQSDSARSKTLTGAGGFVLGLIICGVGIFMHRRSKKVQRGSA,YVYQLRQECYAFNGTQRFLERYIYNREEFVRFDSDVGEFRAVTELGRPDEDYWNSQKDLLEEERAVPDRMCRHNYELDEAVTL,0.0
10,DPB1*09:01,beta,DPB1,RATPENYVHQLRQECYAFNGTQRFLERYIYNREEFVRFDSDVGEFRAVTELGRPDEDYWNSQKDILEEERAVPDRVCRHNYELDEAVTLQRRVQPKVNVSPSKKGPLQHHNLLVCHVTDFYPGSIQVRWFLNGQEETAGVVSTNLIRNGDWTFQILVMLEMTPQQGDVYICQVEHTSLDSPVTVEWKAQSDSARSKTLTGAGGFVLGLIICGVGIFMHRRSKKVQRGSA,YVHQLRQECYAFNGTQRFLERYIYNREEFVRFDSDVGEFRAVTELGRPDEDYWNSQKDILEEERAVPDRVCRHNYELDEAVTL,1.0
11,DPB1*10:01,beta,DPB1,RATPENYVHQLRQECYAFNGTQRFLERYIYNREEFVRFDSDVGEFRAVTELGRPDEEYWNSQKDILEEERAVPDRVCRHNYELDEAVTLQRRVQPKVNVSPSKKGPLQHHNLLVCHVTDFYPGSIQVRWFLNGQEETAGVVSTNLIRNGDWTFQILVMLEMTPQQGDVYICQVEHTSLDSPVTVEWKAQSDSARSKTLTGAGGFVLGLIICGVGIFMHRRSKKVQRGSA,YVHQLRQECYAFNGTQRFLERYIYNREEFVRFDSDVGEFRAVTELGRPDEEYWNSQKDILEEERAVPDRVCRHNYELDEAVTL,1.0
12,DPB1*13:01,beta,DPB1,RATPENYVYQLRQECYAFNGTQRFLERYIYNREEYARFDSDVGEFRAVTELGRPAAEYWNSQKDILEEERAVPDRICRHNYELDEAVTLQRRVQPKVNVSPSKKGPLQHHNLLVCHVTDFYPGSIQVRWFLNGQEETAGVVSTNLIRNGDWTFQILVMLEMTPQQGDVYICQVEHTSLDSPVTVEWKAQSDSARSKTLTGAGGFVLGLIICGVGIFMHRRSKKVQRGSA,YVYQLRQECYAFNGTQRFLERYIYNREEYARFDSDVGEFRAVTELGRPAAEYWNSQKDILEEERAVPDRICRHNYELDEAVTL,1.0
13,DPB1*14:01,beta,DPB1,RATPENYVHQLRQECYAFNGTQRFLERYIYNREEFVRFDSDVGEFRAVTELGRPDEDYWNSQKDLLEEKRAVPDRVCRHNYELDEAVTLQRRVQPKVNVSPSKKGPLQHHNLLVCHVTDFYPGSIQVRWFLNGQEETAGVVSTNLIRNGDWTFQILVMLEMTPQQGDVYICQVEHTSLDSPVTVEWKAQSDSARSKTLTGAGGFVLGLIICGVGIFMHRRSKKVQRGSA,YVHQLRQECYAFNGTQRFLERYIYNREEFVRFDSDVGEFRAVTELGRPDEDYWNSQKDLLEEKRAVPDRVCRHNYELDEAVTL,1.0
14,DQA1*01:01,alpha,DQA1,EDIVADHVASCGVNLYQFYGPSGQYTHEFDGDEEFYVDLERKETAWRWPEFSKFGGFDPQGALRNMAVAKHNLNIMIKRYNSTAATNEVPEVTVFSKSPVTLGQPNTLICLVDNIFPPVVNITWLSNGQSVTEGVSETSFLSKSDHSFFKISYLTFLPSADEIYDCKVEHWGLDQPLLKHWEPEIPAPMSELTETVVCALGLSVGLVGIVVGTVFIIQGLRSVGASRHQGPL,HVASCGVNLYQFYGPSGQYTHEFDGDEEFYVDLERKETAWRWPEFSKFGGFDPQGALRNMAVAKHNLNIMIKRYN,1.0
15,DQA1*01:02,alpha,DQA1,EDIVADHVASCGVNLYQFYGPSGQYTHEFDGDEQFYVDLERKETAWRWPEFSKFGGFDPQGALRNMAVAKHNLNIMIKRYNSTAATNEVPEVTVFSKSPVTLGQPNTLICLVDNIFPPVVNITWLSNGQSVTEGVSETSFLSKSDHSFFKISYLTFLPSADEIYDCKVEHWGLDQPLLKHWEPEIPAPMSELTETVVCALGLSVGLMGIVVGTVFIIQGLRSVGASRHQGPL,HVASCGVNLYQFYGPSGQYTHEFDGDEQFYVDLERKETAWRWPEFSKFGGFDPQGALRNMAVAKHNLNIMIKRYN,0.0
16,DQA1*02:01,alpha,DQA1,EDIVADHVASYGVNLYQSYGPSGQFTHEFDGDEEFYVDLERKETVWKLPLFHRLRFDPQFALTNIAVLKHNLNILIKRSNSTAATNEVPEVTVFSKSPVTLGQPNTLICLVDNIFPPVVNITWLSNGHSVTEGVSETSFLSKSDHSFFKISYLTFLPSADEIYDCKVEHWGLDEPLLKHWEPEIPAPMSELTETVVCALGLSVGLVGIVVGTVLIIRGLRSVGASRHQGPL,HVASYGVNLYQSYGPSGQFTHEFDGDEEFYVDLERKETVWKLPLFHRLRFDPQFALTNIAVLKHNLNILIKRSN,0.0
17,DQA1*03:01,alpha,DQA1,EDIVADHVASYGVNLYQSYGPSGQYSHEFDGDEEFYVDLERKETVWQLPLFRRFRRFDPQFALTNIAVLKHNLNIVIKRSNSTAATNEVPEVTVFSKSPVTLGQPNTLICLVDNIFPPVVNITWLSNGHSVTEGVSETSFLSKSDHSFFKISYLTFLPSADEIYDCKVEHWGLDEPLLKHWEPEIPTPMSELTETVVCALGLSVGLVGIVVGTVLIIRGLRSVGASRHQGPL,HVASYGVNLYQSYGPSGQYSHEFDGDEEFYVDLERKETVWQLPLFRRFRRFDPQFALTNIAVLKHNLNIVIKRSN,0.0
18,DQA1*05:01,alpha,DQA1,EDIVADHVASYGVNLYQSYGPSGQYTHEFDGDEQFYVDLGRKETVWCLPVLRQFRFDPQFALTNIAVLKHNLNSLIKRSNSTAATNEVPEVTVFSKSPVTLGQPNILICLVDNIFPPVVNITWLSNGHSVTEGVSETSFLSKSDHSFFKISYLTLLPSAEESYDCKVEHWGLDKPLLKHWEPEIPAPMSELTETVVCALGLSVGLVGIVVGTVFIIRGLRSVGASRHQGPL,HVASYGVNLYQSYGPSGQYTHEFDGDEQFYVDLGRKETVWCLPVLRQFRFDPQFALTNIAVLKHNLNSLIKRSN,0.0
19,DQA1*05:05,alpha,DQA1,EDIVADHVASYGVNLYQSYGPSGQYTHEFDGDEQFYVDLGRKETVWCLPVLRQFRFDPQFALTNIAVLKHNLNSLIKRSNSTAATNEVPEVTVFSKSPVTLGQPNILICLVDNIFPPVVNITWLSNGHSVTEGVSETSFLSKSDHSFFKISYLTLLPSAEESYDCKVEHWGLDKPLLKHWEPEIPAPMSELTETVVCALGLSVGLVGIVVGTVFIIRGLRSVGASRHQGPL,HVASYGVNLYQSYGPSGQYTHEFDGDEQFYVDLGRKETVWCLPVLRQFRFDPQFALTNIAVLKHNLNSLIKRSN,1.0
20,DQB1*02:01,beta,DQB1,RDSPEDFVYQFKGMCYFTNGTERVRLVSRSIYNREEIVRFDSDVGEFRAVTLLGLPAAEYWNSQKDILERKRAAVDRVCRHNYQLELRTTLQRRVEPTVTISPSRTEALNHHNLLVCSVTDFYPAQIKVRWFRNDQEETAGVVSTPLIRNGDWTFQILVMLEMTPQRGDVYTCHVEHPSLQSPITVEWRAQSESAQSKMLSGIGGFVLGLIFLGLGLIIHHRSQKGLLH,FVYQFKGMCYFTNGTERVRLVSRSIYNREEIVRFDSDVGEFRAVTLLGLPAAEYWNSQKDILERKRAAVDRVCRHNYQLELRTTL,0.0
21,DQB1*02:02,beta,DQB1,RDSPEDFVYQFKGMCYFTNGTERVRLVSRSIYNREEIVRFDSDVGEFRAVTLLGLPAAEYWNSQKDILERKRAAVDRVCRHNYQLELRTTLQRRVEPTVTISPSRTEALNHHNLLVCSVTDFYPAQIKVRWFRNGQEETAGVVSTPLIRNGDWTFQILVMLEMTPQRGDVYTCHVEHPSLQSPITVEWRAQSESAQSKMLSGIGGFVLGLIFLGLGLIIHHRSQKGLLH,FVYQFKGMCYFTNGTERVRLVSRSIYNREEIVRFDSDVGEFRAVTLLGLPAAEYWNSQKDILERKRAAVDRVCRHNYQLELRTTL,1.0
22,DQB1*03:01,beta,DQB1,RDSPEDFVYQFKAMCYFTNGTERVRYVTRYIYNREEYARFDSDVEVYRAVTPLGPPDAEYWNSQKEVLERTRAELDTVCRHNYQLELRTTLQRRVEPTVTISPSRTEALNHHNLLVCSVTDFYPAQIKVRWFRNDQEETTGVVSTPLIRNGDWTFQILVMLEMTPQHGDVYTCHVEHPSLQNPITVEWRAQSESAQSKMLSGIGGFVLGLIFLGLGLIIHHRSQKGLLH,FVYQFKAMCYFTNGTERVRYVTRYIYNREEYARFDSDVEVYRAVTPLGPPDAEYWNSQKEVLERTRAELDTVCRHNYQLELRTTL,0.0
23,DQB1*03:02,beta,DQB1,RDSPEDFVYQFKGMCYFTNGTERVRLVTRYIYNREEYARFDSDVGVYRAVTPLGPPAAEYWNSQKEVLERTRAELDTVCRHNYQLELRTTLQRRVEPTVTISPSRTEALNHHNLLVCSVTDFYPAQIKVRWFRNDQEETTGVVSTPLIRNGDWTFQILVMLEMTPQRGDVYTCHVEHPSLQNPIIVEWRAQSESAQSKMLSGIGGFVLGLIFLGLGLIIHHRSQKGLLH,FVYQFKGMCYFTNGTERVRLVTRYIYNREEYARFDSDVGVYRAVTPLGPPAAEYWNSQKEVLERTRAELDTVCRHNYQLELRTTL,0.0
24,DQB1*05:01,beta,DQB1,RDSPEDFVYQFKGLCYFTNGTERVRGVTRHIYNREEYVRFDSDVGVYRAVTPQGRPVAEYWNSQKEVLEGARASVDRVCRHNYEVAYRGILQRRVEPTVTISPSRTEALNHHNLLICSVTDFYPSQIKVRWFRNDQEETAGVVSTPLIRNGDWTFQILVMLEMTPQRGDVYTCHVEHPSLQSPITVEWRAQSESAQSKMLSGVGGFVLGLIFLGLGLIIRQRSRKGLLH,FVYQFKGLCYFTNGTERVRGVTRHIYNREEYVRFDSDVGVYRAVTPQGRPVAEYWNSQKEVLEGARASVDRVCRHNYEVAYRGIL,0.0
25,DQB1*06:02,beta,DQB1,RDSPEDFVFQFKGMCYFTNGTERVRLVTRYIYNREEYARFDSDVGVYRAVTPQGRPDAEYWNSQKEVLEGTRAELDTVCRHNYEVAFRGILQRRVEPTVTISPSRTEALNHHNLLVCSVTDFYPGQIKVRWFRNDQEETAGVVSTPLIRNGDWTFQILVMLEMTPQRGDVYTCHVEHPSLQSPITVEWRAQSESAQSKMLSGVGGFVLGLIFLGLGLIIRQRSQKGLLH,FVFQFKGMCYFTNGTERVRLVTRYIYNREEYARFDSDVGVYRAVTPQGRPDAEYWNSQKEVLEGTRAELDTVCRHNYEVAFRGIL,0.0
26,DQB1*06:04,beta,DQB1,RDSPEDFVYQFKGMCYFTNGTERVRLVTRHIYNREEYARFDSDVGVYRAVTPQGRPVAEYWNSQKEVLERTRAELDTVCRHNYEVGYRGILQRRVEPTVTISPSRTEALNHHNLLVCSVTDFYPGQIKVQWFRNDQEETAGVVSTPLIRNGDWTFQILVMLEMTPQRGDVYTCHVEHPSLQSPITVEWRAQSESAQSKMLSGVGGFVLGLIFLGLGLIIRQRSQKGLLH,FVYQFKGMCYFTNGTERVRLVTRHIYNREEYARFDSDVGVYRAVTPQGRPVAEYWNSQKEVLERTRAELDTVCRHNYEVGYRGIL,1.0
27,DRA*01:01,alpha,DRA,IKEEHVIIQAEFYLNPDQSGEFMFDFDGDEIFHVDMAKKETVWRLEEFGRFASFEAQGALANIAVDKANLEIMTKRSNYTPITNVPPEVTVLTNSPVELREPNVLICFIDKFTPPVVNVTWLRNGKPVTTGVSETVFLPREDHLFRKFHYLPFLPSTEDVYDCRVEHWGLDEPLLKHWEFDAPSPLPETTENVVCALGLTVGLVGIIIGTIFIIKGVRKSNAAERRGPL,HVIIQAEFYLNPDQSGEFMFDFDGDEIFHVDMAKKETVWRLEEFGRFASFEAQGALANIAVDKANLEIMTKRSN,0.0
28,DRB1*01:01,beta,DRB1,GDTRPRFLWQLKFECHFFNGTERVRLLERCIYNQEESVRFDSDVGEYRAVTELGRPDAEYWNSQKDLLEQRRAAVDTYCRHNYGVGESFTVQRRVEPKVTVYPSKTQPLQHHNLLVCSVSGFYPGSIEVRWFRNGQEEKAGVVSTGLIQNGDWTFQTLVMLETVPRSGEVYTCQVEHPSVTSPLTVEWRARSESAQSKMLSGVGGFVLGLLFLGAGLFIYFRNQKGHSGLQPTGFLS,FLWQLKFECHFFNGTERVRLLERCIYNQEESVRFDSDVGEYRAVTELGRPDAEYWNSQKDLLEQRRAAVDTYCRHNYGVGESFTV,0.0
29,DRB1*01:02,beta,DRB1,GDTRPRFLWQLKFECHFFNGTERVRLLERCIYNQEESVRFDSDVGEYRAVTELGRPDAEYWNSQKDLLEQRRAAVDTYCRHNYGAVESFTVQRRVEPKVTVYPSKTQPLQHHNLLVCSVSGFYPGSIEVRWFRNGQEEKAGVVSTGLIQNGDWTFQTLVMLETVPRSGEVYTCQVEHPSVTSPLTVEWRARSESAQSKMLSGVGGFVLGLLFLGAGLFIYFRNQKGHSGLQPTGFLS,FLWQLKFECHFFNGTERVRLLERCIYNQEESVRFDSDVGEYRAVTELGRPDAEYWNSQKDLLEQRRAAVDTYCRHNYGAVESFTV,0.0
30,DRB1*01:03,beta,DRB1,GDTRPRFLWQLKFECHFFNGTERVRLLERCIYNQEESVRFDSDVGEYRAVTELGRPDAEYWNSQKDILEDERAAVDTYCRHNYGVGESFTVQRRVEPKVTVYPSKTQPLQHHNLLVCSVSGFYPGSIEVRWFRNGQEEKAGVVSTGLIQNGDWTFQTLVMLETVPRSGEVYTCQVEHPSVTSPLTVEWRARSESAQSKMLSGVGGFVLGLLFLGAGLFIYFRNQKGHSGLQPTGFLS,FLWQLKFECHFFNGTERVRLLERCIYNQEESVRFDSDVGEYRAVTELGRPDAEYWNSQKDILEDERAAVDTYCRHNYGVGESFTV,1.0
31,DRB1*03:01,beta,DRB1,GDTRPRFLEYSTSECHFFNGTERVRYLDRYFHNQEENVRFDSDVGEFRAVTELGRPDAEYWNSQKDLLEQKRGRVDNYCRHNYGVVESFTVQRRVHPKVTVYPSKTQPLQHHNLLVCSVSGFYPGSIEVRWFRNGQEEKTGVVSTGLIHNGDWTFQTLVMLETVPRSGEVYTCQVEHPSVTSPLTVEWRARSESAQSKMLSGVGGFVLGLLFLGAGLFIYFRNQKGHSGLQPRGFLS,FLEYSTSECHFFNGTERVRYLDRYFHNQEENVRFDSDVGEFRAVTELGRPDAEYWNSQKDLLEQKRGRVDNYCRHNYGVVESFTV,0.0
32,DRB1*04:01,beta,DRB1,GDTRPRFLEQVKHECHFFNGTERVRFLDRYFYHQEEYVRFDSDVGEYRAVTELGRPDAEYWNSQKDLLEQKRAAVDTYCRHNYGVGESFTVQRRVYPEVTVYPAKTQPLQHHNLLVCSVNGFYPGSIEVRWFRNGQEEKTGVVSTGLIQNGDWTFQTLVMLETVPRSGEVYTCQVEHPSLTSPLTVEWRARSESAQSKMLSGVGGFVLGLLFLGAGLFIYFRNQKGHSGLQPTGFLS,FLEQVKHECHFFNGTERVRFLDRYFYHQEEYVRFDSDVGEYRAVTELGRPDAEYWNSQKDLLEQKRAAVDTYCRHNYGVGESFTV,0.0
33,DRB1*04:02,beta,DRB1,GDTRPRFLEQVKHECHFFNGTERVRFLDRYFYHQEEYVRFDSDVGEYRAVTELGRPDAEYWNSQKDILEDERAAVDTYCRHNYGVVESFTVQRRVYPEVTVYPAKTQPLQHHNLLVCSVNGFYPGSIEVRWFRNGQEEKTGVVSTGLIQNGDWTFQTLVMLETVPRSGEVYTCQVEHPSLTSPLTVEWRARSESAQSKMLSGVGGFVLGLLFLGAGLFIYFRNQKGHSGLQPTGFLS,FLEQVKHECHFFNGTERVRFLDRYFYHQEEYVRFDSDVGEYRAVTELGRPDAEYWNSQKDILEDERAAVDTYCRHNYGVVESFTV,1.0
34,DRB1*04:04,beta,DRB1,GDTRPRFLEQVKHECHFFNGTERVRFLDRYFYHQEEYVRFDSDVGEYRAVTELGRPDAEYWNSQKDLLEQRRAAVDTYCRHNYGVVESFTVQRRVYPEVTVYPAKTQPLQHHNLLVCSVNGFYPGSIEVRWFRNGQEEKTGVVSTGLIQNGDWTFQTLVMLETVPRSGEVYTCQVEHPSLTSPLTVEWRARSESAQSKMLSGVGGFVLGLLFLGAGLFIYFRNQKGHSGLQPTGFLS,FLEQVKHECHFFNGTERVRFLDRYFYHQEEYVRFDSDVGEYRAVTELGRPDAEYWNSQKDLLEQRRAAVDTYCRHNYGVVESFTV,0.0
35,DRB1*04:05,beta,DRB1,GDTRPRFLEQVKHECHFFNGTERVRFLDRYFYHQEEYVRFDSDVGEYRAVTELGRPSAEYWNSQKDLLEQRRAAVDTYCRHNYGVGESFTVQRRVYPEVTVYPAKTQPLQHHNLLVCSVNGFYPGSIEVRWFRNGQEEKTGVVSTGLIQNGDWTFQTLVMLETVPRSGEVYTCQVEHPSLTSPLTVEWRARSESAQSKMLSGVGGFVLGLLFLGAGLFIYFRNQKGHSGLQPTGFLS,FLEQVKHECHFFNGTERVRFLDRYFYHQEEYVRFDSDVGEYRAVTELGRPSAEYWNSQKDLLEQRRAAVDTYCRHNYGVGESFTV,0.0
36,DRB1*07:01,beta,DRB1,GDTQPRFLWQGKYKCHFFNGTERVQFLERLFYNQEEFVRFDSDVGEYRAVTELGRPVAESWNSQKDILEDRRGQVDTVCRHNYGVGESFTVQRRVHPEVTVYPAKTQPLQHHNLLVCSVSGFYPGSIEVRWFRNGQEEKAGVVSTGLIQNGDWTFQTLVMLETVPRSGEVYTCQVEHPSVMSPLTVEWRARSESAQSKMLSGVGGFVLGLLFLGAGLFIYFRNQKGHSGLQPTGFLS,FLWQGKYKCHFFNGTERVQFLERLFYNQEEFVRFDSDVGEYRAVTELGRPVAESWNSQKDILEDRRGQVDTVCRHNYGVGESFTV,1.0
37,DRB1*08:01,beta,DRB1,GDTRPRFLEYSTGECYFFNGTERVRFLDRYFYNQEEYVRFDSDVGEYRAVTELGRPSAEYWNSQKDFLEDRRALVDTYCRHNYGVGESFTVQRRVHPKVTVYPSKTQPLQHHNLLVCSVSGFYPGSIEVRWFRNGQEEKTGVVSTGLIHNGDWTFQTLVMLETVPRSGEVYTCQVEHPSVTSPLTVEWSARSESAQSKMLSGVGGFVLGLLFLGAGLFIYFRNQKGHSGLQPTGFLS,FLEYSTGECYFFNGTERVRFLDRYFYNQEEYVRFDSDVGEYRAVTELGRPSAEYWNSQKDFLEDRRALVDTYCRHNYGVGESFTV,1.0
38,DRB1*10:01,beta,DRB1,GDTRPRFLEEVKFECHFFNGTERVRLLERRVHNQEEYARYDSDVGEYRAVTELGRPDAEYWNSQKDLLERRRAAVDTYCRHNYGVGESFTVQRRVQPKVTVYPSKTQPLQHHNLLVCSVNGFYPGSIEVRWFRNGQEEKTGVVSTGLIQNGDWTFQTLVMLETVPQSGEVYTCQVEHPSVMSPLTVEWRARSESAQSKMLSGVGGFVLGLLFLGAGLFIYFRNQKGHSGLPPTGFLS,FLEEVKFECHFFNGTERVRLLERRVHNQEEYARYDSDVGEYRAVTELGRPDAEYWNSQKDLLERRRAAVDTYCRHNYGVGESFTV,1.0
39,DRB1*11:01,beta,DRB1,GDTRPRFLEYSTSECHFFNGTERVRFLDRYFYNQEEYVRFDSDVGEFRAVTELGRPDEEYWNSQKDFLEDRRAAVDTYCRHNYGVGESFTVQRRVHPKVTVYPSKTQPLQHHNLLVCSVSGFYPGSIEVRWFRNGQEEKTGVVSTGLIHNGDWTFQTLVMLETVPRSGEVYTCQVEHPSVTSPLTVEWRARSESAQSKMLSGVGGFVLGLLFLGAGLFIYFRNQKGHSGLQPRGFLS,FLEYSTSECHFFNGTERVRFLDRYFYNQEEYVRFDSDVGEFRAVTELGRPDEEYWNSQKDFLEDRRAAVDTYCRHNYGVGESFTV,0.0
40,DRB1*11:04,beta,DRB1,GDTRPRFLEYSTSECHFFNGTERVRFLDRYFYNQEEYVRFDSDVGEFRAVTELGRPDEEYWNSQKDFLEDRRAAVDTYCRHNYGVVESFTVQRRVHPKVTVYPSKTQPLQHHNLLVCSVSGFYPGSIEVRWFRNGQEEKTGVVSTGLIHNGDWTFQTLVMLETVPRSGEVYTCQVEHPSVTSPLTVEWRARSESAQSKMLSGVGGFVLGLLFLGAGLFIYFRNQKGHSGLQPRGFLS,FLEYSTSECHFFNGTERVRFLDRYFYNQEEYVRFDSDVGEFRAVTELGRPDEEYWNSQKDFLEDRRAAVDTYCRHNYGVVESFTV,1.0
41,DRB1*12:01,beta,DRB1,GDTRPRFLEYSTGECYFFNGTERVRLLERHFHNQEELLRFDSDVGEFRAVTELGRPVAESWNSQKDILEDRRAAVDTYCRHNYGAVESFTVQRRVHPKVTVYPSKTQPLQHHNLLVCSVSGFYPGSIEVRWFRNGQEEKTGVVSTGLIHNGDWTFQTLVMLETVPRSGEVYTCQVEHPSVTSPLTVEWRARSESAQSKMLSGVGGFVLGLLFLGAGLFIYFRNQKGHSGLQPRGFLS,FLEYSTGECYFFNGTERVRLLERHFHNQEELLRFDSDVGEFRAVTELGRPVAESWNSQKDILEDRRAAVDTYCRHNYGAVESFTV,1.0
42,DRB1*13:01,beta,DRB1,GDTRPRFLEYSTSECHFFNGTERVRFLDRYFHNQEENVRFDSDVGEFRAVTELGRPDAEYWNSQKDILEDERAAVDTYCRHNYGVVESFTVQRRVHPKVTVYPSKTQPLQHHNLLVCSVSGFYPGSIEVRWFRNGQEEKTGVVSTGLIHNGDWTFQTLVMLETVPRSGEVYTCQVEHPSVTSPLTVEWRARSESAQSKMLSGVGGFVLGLLFLGAGLFIYFRNQKGHSGLQPRGFLS,FLEYSTSECHFFNGTERVRFLDRYFHNQEENVRFDSDVGEFRAVTELGRPDAEYWNSQKDILEDERAAVDTYCRHNYGVVESFTV,1.0
43,DRB1*13:02,beta,DRB1,GDTRPRFLEYSTSECHFFNGTERVRFLDRYFHNQEENVRFDSDVGEFRAVTELGRPDAEYWNSQKDILEDERAAVDTYCRHNYGVGESFTVQRRVHPKVTVYPSKTQPLQHHNLLVCSVSGFYPGSIEVRWFRNGQEEKTGVVSTGLIHNGDWTFQTLVMLETVPRSGEVYTCQVEHPSVTSPLTVEWRARSESAQSKMLSGVGGFVLGLLFLGAGLFIYFRNQKGHSGLQPRGFLS,FLEYSTSECHFFNGTERVRFLDRYFHNQEENVRFDSDVGEFRAVTELGRPDAEYWNSQKDILEDERAAVDTYCRHNYGVGESFTV,0.0
44,DRB1*13:03,beta,DRB1,GDTRPRFLEYSTSECHFFNGTERVRFLDRYFYNQEEYVRFDSDVGEYRAVTELGRPSAEYWNSQKDILEDKRAAVDTYCRHNYGVGESFTVQRRVHPKVTVYPSKTQPLQHHNLLVCSVSGFYPGSIEVRWFRNGQEEKTGVVSTGLIHNGDWTFQTLVMLETVPRSGEVYTCQVEHPSVTSPLTVEWRARSESAQSKMLSGVGGFVLGLLFLGAGLFIYFRNQKGHSGLQPRGFLS,FLEYSTSECHFFNGTERVRFLDRYFYNQEEYVRFDSDVGEYRAVTELGRPSAEYWNSQKDILEDKRAAVDTYCRHNYGVGESFTV,1.0
45,DRB1*15:01,beta,DRB1,GDTRPRFLWQPKRECHFFNGTERVRFLDRYFYNQEESVRFDSDVGEFRAVTELGRPDAEYWNSQKDILEQARAAVDTYCRHNYGVVESFTVQRRVQPKVTVYPSKTQPLQHHNLLVCSVSGFYPGSIEVRWFLNGQEEKAGMVSTGLIQNGDWTFQTLVMLETVPRSGEVYTCQVEHPSVTSPLTVEWRARSESAQSKMLSGVGGFVLGLLFLGAGLFIYFRNQKGHSGLQPTGFLS,FLWQPKRECHFFNGTERVRFLDRYFYNQEESVRFDSDVGEFRAVTELGRPDAEYWNSQKDILEQARAAVDTYCRHNYGVVESFTV,0.0
46,DRB3*01:01,beta,DRB3,GDTRPRFLELRKSECHFFNGTERVRYLDRYFHNQEEFLRFDSDVGEYRAVTELGRPVAESWNSQKDLLEQKRGRVDNYCRHNYGVGESFTVQRRVHPQVTVYPAKTQPLQHHNLLVCSVSGFYPGSIEVRWFRNGQEEKAGVVSTGLIQNGDWTFQTLVMLETVPRSGEVYTCQVEHPSVTSALTVEWRARSESAQSKMLSGVGGFVLGLLFLGAGLFIYFRNQKGHSGLQPTGFLS,FLELRKSECHFFNGTERVRYLDRYFHNQEEFLRFDSDVGEYRAVTELGRPVAESWNSQKDLLEQKRGRVDNYCRHNYGVGESFTV,0.0
47,DRB3*02:02,beta,DRB3,GDTRPRFLELLKSECHFFNGTERVRFLERHFHNQEEYARFDSDVGEYRAVRELGRPDAEYWNSQKDLLEQKRGQVDNYCRHNYGVGESFTVQRRVHPQVTVYPAKTQPLQHHNLLVCSVSGFYPGSIEVRWFRNGQEEKAGVVSTGLIQNGDWTFQTLVMLETVPRSGEVYTCQVEHPSVTSPLTVEWSARSESAQSKMLSGVGGFVLGLLFLGAGLFIYFRNQKGHSGLQPTGFLS,FLELLKSECHFFNGTERVRFLERHFHNQEEYARFDSDVGEYRAVRELGRPDAEYWNSQKDLLEQKRGQVDNYCRHNYGVGESFTV,1.0
48,DRB4*01:03,beta,DRB4,GDTQPRFLEQAKCECHFLNGTERVWNLIRYIYNQEEYARYNSDLGEYQAVTELGRPDAEYWNSQKDLLERRRAEVDTYCRYNYGVVESFTVQRRVQPKVTVYPSKTQPLQHHNLLVCSVNGFYPGSIEVRWFRNGQEEKAGVVSTGLIQNGDWTFQTLVMLETVPRSGEVYTCQVEHPSMMSPLTVQWSARSESAQSKMLSGVGGFVLGLLFLGTGLFIYFRNQKGHSGLQPTGLLS,FLEQAKCECHFLNGTERVWNLIRYIYNQEEYARYNSDLGEYQAVTELGRPDAEYWNSQKDLLERRRAEVDTYCRYNYGVVESFTV,0.0
49,DRB5*01:01,beta,DRB5,GDTRPRFLQQDKYECHFFNGTERVRFLHRDIYNQEEDLRFDSDVGEYRAVTELGRPDAEYWNSQKDFLEDRRAAVDTYCRHNYGVGESFTVQRRVEPKVTVYPARTQTLQHHNLLVCSVNGFYPGSIEVRWFRNSQEEKAGVVSTGLIQNGDWTFQTLVMLETVPRSGEVYTCQVEHPSVTSPLTVEWRAQSESAQSKMLSGVGGFVLGLLFLGAGLFIYFKNQKGHSGLHPTGLVS,FLQQDKYECHFFNGTERVRFLHRDIYNQEEDLRFDSDVGEYRAVTELGRPDAEYWNSQKDFLEDRRAAVDTYCRHNYGVGESFTV,0.0
